mine_id,mine_name,mine_type,year,month,monthly_target_tonnes,actual_production_tonnes,shortfall_tonnes,shortfall_pct,rainfall_mm,avg_temperature_c,equipment_uptime_pct,breakdown_hours,blasting_delays_count,avg_feed_grade_pct
40MPR01002,Balaghat (Bharweli),Underground,2022,1,41667,40124,1543,3.7,3.1,27.8,87.0,48.8,1,42.5
40MPR01002,Balaghat (Bharweli),Underground,2022,2,41667,36703,4964,11.91,15.4,34.0,85.7,58.8,0,42.5
40MPR01002,Balaghat (Bharweli),Underground,2022,3,41667,40484,1183,2.84,30.6,22.8,89.8,29.4,0,42.5
40MPR01002,Balaghat (Bharweli),Underground,2022,4,41667,41634,33,0.08,1.7,42.1,89.1,33.0,0,42.5
40MPR01002,Balaghat (Bharweli),Underground,2022,5,41667,38632,3035,7.28,14.9,42.3,90.3,52.4,2,42.5
40MPR01002,Balaghat (Bharweli),Underground,2022,6,41667,30366,11301,27.12,252.7,32.7,77.4,43.3,3,42.5
40MPR01002,Balaghat (Bharweli),Underground,2022,7,41667,41222,445,1.07,339.4,29.9,83.1,18.1,0,42.5
40MR01002,Balaghat (Bharweli),Underground,2022,8,41667,32964,8703,20.89,122.9,32.1,72.6,43.5,2,42.5
40MPR01002,Balaghat (Bharweli),Underground,2022,9,41667,38987,2680,6.43,128.9,29.7,88.8,64.8,1,42.5
40MPR01002,Balaghat (Bharweli),Underground,2022,10,41667,30493,11174,26.82,1.4,26.9,77.3,48.4,1,42.5
40MPR01002,Balaghat (Bharweli),Underground,2022,11,41667,41613,54,0.13,28.4,22.8,82.8,15.7,4,42.5
40MPR01002,Balaghat (Bharweli),Underground,2022,12,41667,31991,9676,23.22,4.1,29.4,74.5,43.4,1,42.5
40MPR01002,Balaghat (Bharweli),Underground,2023,1,41667,35418,6249,15.0,0.4,24.7,81.8,62.4,1,42.5
40MPR01002,Balaghat (Bharweli),Underground,2023,2,41667,30751,10916,26.2,10.5,27.8,76.4,63.2,0,42.5
40MPR01002,Balaghat (Bharweli),Underground,2023,3,41667,33417,8250,19.8,13.0,22.4,76.4,53.4,0,42.5
40MPR01002,Balaghat (Bharweli),Underground,2023,4,41667,38049,3618,8.68,0.3,40.5,88.2,52.9,3,42.5
40MPR01002,Balaghat (Bharweli),Underground,2023,5,41667,40867,800,1.92,27.4,45.1,88.0,38.9,0,42.5
40MPR01002,Balaghat (Bharweli),Underground,2023,6,41667,33785,7882,18.92,257.3,24.2,76.5,23.2,1,42.5
40MPR01002,Balaghat (Bharweli),Underground,2023,7,41667,29681,11986,28.77,212.0,36.0,72.5,56.3,0,42.5
40MPR01002,Balaghat (Bharweli),Underground,2023,8,41667,33002,8665,20.79,246.2,35.0,72.2,16.0,0,42.5
40MPR01002,Balaghat (Bharweli),Underground,2023,9,41667,33399,8268,19.84,213.7,34.4,81.2,44.2,0,42.5
40MPR01002,Balaghat (Bharweli),Underground,2023,10,41667,43750,0,0.0,3.0,29.8,82.1,19.7,1,42.5
40MPR01002,Balaghat (Bharweli),Underground,2023,11,41667,34987,6680,16.03,18.3,30.2,72.2,52.3,1,42.5
40MPR01002,Balaghat (Bharweli),Underground,2023,12,41667,37589,4078,9.79,20.2,24.2,79.1,48.9,1,42.5
40MPR01002,Balaghat (Bharweli),Underground,2024,1,41667,37567,4100,9.84,14.7,29.9,72.1,16.2,1,42.5
40MPR01002,Balaghat (Bharweli),Underground,2024,2,41667,36289,5378,12.91,9.5,27.2,83.4,58.7,2,42.5
40MPR01002,Balaghat (Bharweli),Underground,2024,3,41667,42047,0,0.0,23.4,27.7,81.4,14.6,0,42.5
40MPR01002,Balaghat (Bharweli),Underground,2024,4,41667,34269,7398,17.76,10.6,42.3,89.1,51.7,0,42.5
40MPR01002,Balaghat (Bharweli),Underground,2024,5,41667,34734,6933,16.64,4.1,41.5,90.4,42.8,1,42.5
40MPR01002,Balaghat (Bharweli),Underground,2024,6,41667,30843,10824,25.98,193.3,23.6,74.6,40.5,1,42.5
40MPR01002,Balaghat (Bharweli),Underground,2024,7,41667,36407,5260,12.62,356.5,32.7,77.0,13.9,0,42.5
40MPR01002,Balaghat (Bharweli),Underground,2024,8,41667,37263,4404,10.57,172.0,29.0,86.5,18.0,1,42.5
40MPR01002,Balaghat (Bharweli),Underground,2024,9,41667,31760,9907,23.78,195.7,33.5,75.4,54.8,2,42.5
40MPR01002,Balaghat (Bharweli),Underground,2024,10,41667,42095,0,0.0,23.3,29.3,84.8,29.9,2,42.5
40MPR01002,Balaghat (Bharweli),Underground,2024,11,41667,40204,1463,3.51,15.7,32.6,87.9,38.2,1,42.5
40MPR01002,Balaghat (Bharweli),Underground,2024,12,41667,41995,0,0.0,31.4,31.6,89.2,16.7,1,42.5
40MSH05002,Dongri Buzurg,Opencast,2022,1,25000,24388,612,2.45,6.2,25.4,80.4,25.3,1,46.5
40MSH05002,Dongri Buzurg,Opencast,2022,2,25000,23726,1274,5.1,15.5,26.9,86.9,59.4,3,46.5
40MSH05002,Dongri Buzurg,Opencast,2022,3,25000,26250,0,0.0,4.6,26.8,88.2,25.1,0,46.5
40MSH05002,Dongri Buzurg,Opencast,2022,4,25000,24276,724,2.9,19.4,43.2,85.1,24.4,3,46.5
40MSH05002,Dongri Buzurg,Opencast,2022,5,25000,24723,277,1.11,13.0,42.1,82.9,15.9,2,46.5
40MSH05002,Dongri Buzurg,Opencast,2022,6,25000,16143,8857,35.43,223.7,31.3,79.1,54.9,2,46.5
40MSH05002,Dongri Buzurg,Opencast,2022,7,25000,16736,8264,33.06,268.2,26.2,81.2,55.4,4,46.5
40MSH05002,Dongri Buzurg,Opencast,2022,8,25000,21480,3520,14.08,235.3,34.0,80.3,16.7,1,46.5
40MSH05002,Dongri Buzurg,Opencast,2022,9,25000,16157,8843,35.37,160.8,32.8,73.5,55.9,2,46.5
40MSH05002,Dongri Buzurg,Opencast,2022,10,25000,25260,0,0.0,33.7,33.3,81.2,23.9,2,46.5
40MSH05002,Dongri Buzurg,Opencast,2022,11,25000,21916,3084,12.34,19.7,35.2,72.1,24.6,2,46.5
40MSH05002,Dongri Buzurg,Opencast,2022,12,25000,24790,210,0.84,16.7,35.9,85.6,15.9,2,46.5
40MSH05002,Dongri Buzurg,Opencast,2023,1,25000,23772,1228,4.91,19.5,26.3,73.7,12.1,4,46.5
40MSH05002,Dongri Buzurg,Opencast,2023,2,25000,22498,2502,10.01,5.7,26.0,87.9,60.0,3,46.5
40MSH05002,Dongri Buzurg,Opencast,2023,3,25000,25329,0,0.0,3.9,34.2,84.7,20.7,1,46.5
40MSH05002,Dongri Buzurg,Opencast,2023,4,25000,23325,1675,6.7,34.6,40.3,79.1,37.5,2,46.5
40MSH05002,Dongri Buzurg,Opencast,2023,5,25000,22349,2651,10.6,30.6,45.6,88.1,57.1,3,46.5
40MSH05002,Dongri Buzurg,Opencast,2023,6,25000,22458,2542,10.17,160.0,35.5,78.3,17.2,1,46.5
40MSH05002,Dongri Buzurg,Opencast,2023,7,25000,19428,5572,22.29,219.9,25.1,81.3,35.0,3,46.5
40MSH05002,Dongri Buzurg,Opencast,2023,8,25000,25718,0,0.0,127.3,22.2,87.9,37.3,0,46.5
40MSH05002,Dongri Buzurg,Opencast,2023,9,25000,18024,6976,27.9,153.0,35.1,89.2,49.6,4,46.5
40MSH05002,Dongri Buzurg,Opencast,2023,10,25000,21461,3539,14.16,7.5,31.5,80.1,61.4,0,46.5
40MSH05002,Dongri Buzurg,Opencast,2023,11,25000,25355,0,0.0,17.9,34.9,90.1,20.3,2,46.5
40MSH05002,Dongri Buzurg,Opencast,2023,12,25000,24300,700,2.8,15.7,30.4,73.4,24.0,3,46.5
40MSH05002,Dongri Buzurg,Opencast,2024,1,25000,19938,5062,20.25,11.4,30.8,77.5,60.2,1,46.5
40MSH05002,Dongri Buzurg,Opencast,2024,2,25000,20812,4188,16.75,10.6,27.5,75.6,42.6,2,46.5
40MSH05002,Dongri Buzurg,Opencast,2024,3,25000,25764,0,0.0,21.7,26.8,89.1,35.0,1,46.5
40MSH05002,Dongri Buzurg,Opencast,2024,4,25000,24124,876,3.5,26.9,41.2,78.4,36.7,3,46.5
40MSH05002,Dongri Buzurg,Opencast,2024,5,25000,23457,1543,6.17,5.2,43.1,81.2,59.7,4,46.5
40MSH05002,Dongri Buzurg,Opencast,2024,6,25000,25422,0,0.0,147.9,22.5,84.9,25.9,0,46.5
40MSH05002,Dongri Buzurg,Opencast,2024,7,25000,21198,3802,15.21,241.6,33.2,89.0,37.6,2,46.5
40MSH05002,Dongri Buzurg,Opencast,2024,8,25000,22954,2046,8.18,144.2,27.3,90.2,44.6,2,46.5
40MSH05002,Dongri Buzurg,Opencast,2024,9,25000,25629,0,0.0,149.4,29.9,84.3,14.1,3,46.5
40MSH05002,Dongri Buzurg,Opencast,2024,10,25000,25278,0,0.0,14.9,23.8,91.0,37.2,2,46.5
40MSH05002,Dongri Buzurg,Opencast,2024,11,25000,20485,4515,18.06,10.9,33.4,89.3,47.7,0,46.5
40MSH05002,Dongri Buzurg,Opencast,2024,12,25000,24618,382,1.53,4.8,25.2,89.6,13.1,3,46.5
40MSH05001,Chikla,Underground,2022,1,15000,12883,2117,14.12,28.7,27.0,82.8,47.9,2,39.5
40MSH05001,Chikla,Underground,2022,2,15000,12070,2930,19.53,22.5,26.2,74.5,56.7,0,39.5
40MSH05001,Chikla,Underground,2022,3,15000,11275,3725,24.83,23.1,28.6,76.0,43.9,0,39.5
40MSH05001,Chikla,Underground,2022,4,15000,14547,453,3.02,15.3,44.5,88.6,52.9,0,39.5
40MSH05001,Chikla,Underground,2022,5,15000,13831,1169,7.8,6.8,43.2,90.7,56.3,1,39.5
40MSH05001,Chikla,Underground,2022,6,15000,15750,0,0.0,142.0,22.4,90.9,24.8,0,39.5
40MSH05001,Chikla,Underground,2022,7,15000,12252,2748,18.32,215.0,35.0,83.6,47.4,1,39.5
40MSH05001,Chikla,Underground,2022,8,15000,14934,66,0.44,146.1,33.6,87.3,30.6,1,39.5
40MSH05001,Chikla,Underground,2022,9,15000,13788,1212,8.08,120.0,25.4,76.2,25.3,1,39.5
40MSH05001,Chikla,Underground,2022,10,15000,14634,366,2.44,30.3,25.4,73.6,30.9,2,39.5
40MSH05001,Chikla,Underground,2022,11,15000,15017,0,0.0,33.6,33.1,84.1,38.1,0,39.5
40MSH05001,Chikla,Underground,2022,12,15000,11929,3071,20.47,5.3,31.3,77.7,43.0,1,39.5
40MSH05001,Chikla,Underground,2023,1,15000,13784,1216,8.11,29.3,25.7,81.0,40.5,2,39.5
40MSH05001,Chikla,Underground,2023,2,15000,14756,244,1.63,32.6,27.4,86.6,13.1,0,39.5
40MSH05001,Chikla,Underground,2023,3,15000,13074,1926,12.84,17.0,34.3,82.5,61.3,1,39.5
40MSH05001,Chikla,Underground,2023,4,15000,13358,1642,10.95,8.6,45.4,90.2,62.0,1,39.5
40MSH05001,Chikla,Underground,2023,5,15000,15287,0,0.0,27.2,40.8,84.0,13.8,1,39.5
40MSH05001,Chikla,Underground,2023,6,15000,13274,1726,11.51,180.5,30.7,73.5,38.7,0,39.5
40MSH05001,Chikla,Underground,2023,7,15000,12229,2771,18.47,303.3,30.9,83.1,51.1,0,39.5
40MSH05001,Chikla,Underground,2023,8,15000,9897,5103,34.02,187.8,31.1,72.4,46.7,1,39.5
40MSH05001,Chikla,Underground,2023,9,15000,12525,2475,16.5,132.0,23.3,90.5,48.5,0,39.5
40MSH05001,Chikla,Underground,2023,10,15000,13046,1954,13.03,29.2,22.6,76.7,59.2,0,39.5
40MSH05001,Chikla,Underground,2023,11,15000,15128,0,0.0,7.0,35.4,84.3,25.9,0,39.5
40MSH05001,Chikla,Underground,2023,12,15000,14418,582,3.88,25.2,34.9,80.2,22.1,3,39.5
40MSH05001,Chikla,Underground,2024,1,15000,15466,0,0.0,24.2,30.0,90.1,18.5,2,39.5
40MSH05001,Chikla,Underground,2024,2,15000,15020,0,0.0,9.7,26.5,90.9,27.0,1,39.5
40MSH05001,Chikla,Underground,2024,3,15000,13644,1356,9.04,5.7,28.8,86.8,57.9,2,39.5
40MSH05001,Chikla,Underground,2024,4,15000,14481,519,3.46,32.7,44.3,87.1,23.6,1,39.5
40MSH05001,Chikla,Underground,2024,5,15000,13155,1845,12.3,26.9,40.6,91.2,59.2,0,39.5
40MSH05001,Chikla,Underground,2024,6,15000,11209,3791,25.27,184.7,26.4,83.6,50.7,1,39.5
40MSH05001,Chikla,Underground,2024,7,15000,10864,4136,27.57,325.9,32.0,73.0,57.6,1,39.5
40MSH05001,Chikla,Underground,2024,8,15000,14772,228,1.52,244.2,27.3,87.0,17.1,2,39.5
40MSH05001,Chikla,Underground,2024,9,15000,13702,1298,8.65,149.5,29.0,76.7,33.7,2,39.5
40MSH05001,Chikla,Underground,2024,10,15000,12753,2247,14.98,13.3,29.0,84.1,41.7,1,39.5
40MSH05001,Chikla,Underground,2024,11,15000,14966,34,0.23,6.2,33.4,82.8,18.9,3,39.5
40MSH05001,Chikla,Underground,2024,12,15000,14472,528,3.52,3.9,35.1,75.7,25.4,1,39.5
40MSH14004,Gumgaon,Underground,2022,1,25433,22199,3234,12.72,27.8,28.4,75.4,26.2,1,38.0
40MSH14004,Gumgaon,Underground,2022,2,25433,20344,5089,20.01,25.0,35.1,90.2,62.1,0,38.0
40MSH14004,Gumgaon,Underground,2022,3,25433,22488,2945,11.58,4.6,26.2,89.9,63.5,1,38.0
40MSH14004,Gumgaon,Underground,2022,4,25433,19723,5710,22.45,0.3,42.7,72.9,40.8,0,38.0
40MSH14004,Gumgaon,Underground,2022,5,25433,24216,1217,4.79,16.6,43.7,89.4,47.1,1,38.0
40MSH14004,Gumgaon,Underground,2022,6,25433,25161,272,1.07,126.6,31.4,89.3,20.6,3,38.0
40MSH14004,Gumgaon,Underground,2022,7,25433,23840,1593,6.26,362.7,26.5,83.0,14.7,0,38.0
40MSH14004,Gumgaon,Underground,2022,8,25433,21647,3786,14.89,155.9,24.7,85.4,12.0,1,38.0
40MSH14004,Gumgaon,Underground,2022,9,25433,25330,103,0.41,146.8,27.4,81.7,30.8,0,38.0
40MSH14004,Gumgaon,Underground,2022,10,25433,25094,339,1.33,0.8,28.0,89.5,28.0,0,38.0
40MSH14004,Gumgaon,Underground,2022,11,25433,26701,0,0.0,26.5,30.5,83.4,14.8,0,38.0
40MSH14004,Gumgaon,Underground,2022,12,25433,19815,5618,22.09,17.6,29.6,77.7,62.3,2,38.0
40MSH14004,Gumgaon,Underground,2023,1,25433,22656,2777,10.92,3.7,28.9,75.2,63.8,0,38.0
40MSH14004,Gumgaon,Underground,2023,2,25433,25646,0,0.0,22.4,23.8,80.6,26.6,1,38.0
40MSH14004,Gumgaon,Underground,2023,3,25433,20317,5116,20.12,32.0,33.7,78.0,53.8,0,38.0
40MSH14004,Gumgaon,Underground,2023,4,25433,19821,5612,22.07,10.6,42.2,73.3,64.4,0,38.0
40MSH14004,Gumgaon,Underground,2023,5,25433,25831,0,0.0,22.9,42.7,91.0,25.0,1,38.0
40MSH14004,Gumgaon,Underground,2023,6,25433,25247,186,0.73,147.1,25.0,86.8,22.0,1,38.0
40MSH14004,Gumgaon,Underground,2023,7,25433,22933,2500,9.83,355.1,35.2,82.4,30.7,0,38.0
40MSH14004,Gumgaon,Underground,2023,8,25433,21264,4169,16.39,252.2,27.5,85.9,37.9,1,38.0
40MSH14004,Gumgaon,Underground,2023,9,25433,20352,5081,19.98,183.7,28.6,86.1,61.9,0,38.0
40MSH14004,Gumgaon,Underground,2023,10,25433,22985,2448,9.62,19.1,24.4,87.2,64.2,1,38.0
40MSH14004,Gumgaon,Underground,2023,11,25433,19631,5802,22.81,30.6,31.9,81.1,40.7,2,38.0
40MSH14004,Gumgaon,Underground,2023,12,25433,22616,2817,11.08,6.6,34.6,85.5,45.6,0,38.0
40MSH14004,Gumgaon,Underground,2024,1,25433,23543,1890,7.43,21.1,23.7,73.6,39.9,1,38.0
40MSH14004,Gumgaon,Underground,2024,2,25433,23239,2194,8.63,6.1,35.8,83.2,48.4,0,38.0
40MSH14004,Gumgaon,Underground,2024,3,25433,23235,2198,8.64,3.3,35.7,77.7,34.5,1,38.0
40MSH14004,Gumgaon,Underground,2024,4,25433,18961,6472,25.45,9.7,40.4,75.2,59.4,1,38.0
40MSH14004,Gumgaon,Underground,2024,5,25433,24760,673,2.65,2.3,44.1,83.4,33.4,0,38.0
40MSH14004,Gumgaon,Underground,2024,6,25433,24523,910,3.58,255.9,24.5,83.9,34.5,1,38.0
40MSH14004,Gumgaon,Underground,2024,7,25433,23151,2282,8.97,348.5,28.8,82.9,28.2,0,38.0
40MSH14004,Gumgaon,Underground,2024,8,25433,25912,0,0.0,147.5,31.7,79.8,34.0,1,38.0
40MSH14004,Gumgaon,Underground,2024,9,25433,23780,1653,6.5,134.1,26.3,85.3,47.3,0,38.0
40MSH14004,Gumgaon,Underground,2024,10,25433,25615,0,0.0,7.4,22.3,89.9,23.2,0,38.0
40MSH14004,Gumgaon,Underground,2024,11,25433,26705,0,0.0,9.8,23.8,84.8,16.0,0,38.0
40MSH14004,Gumgaon,Underground,2024,12,25433,19098,6335,24.91,24.8,29.8,77.1,46.5,0,38.0
40MSH14008,Kandri,Underground,2022,1,5250,4355,895,17.05,18.8,28.1,77.4,44.0,3,40.0
40MSH14008,Kandri,Underground,2022,2,5250,5425,0,0.0,16.8,27.1,90.3,31.5,1,40.0
40MSH14008,Kandri,Underground,2022,3,5250,5242,8,0.15,29.3,31.1,84.3,29.7,1,40.0
40MSH14008,Kandri,Underground,2022,4,5250,5021,229,4.37,13.9,43.0,85.3,12.7,2,40.0
40MSH14008,Kandri,Underground,2022,5,5250,5229,21,0.4,4.8,42.6,81.9,33.4,1,40.0
40MSH14008,Kandri,Underground,2022,6,5250,4731,519,9.88,233.0,23.5,79.9,29.9,2,40.0
40MSH14008,Kandri,Underground,2022,7,5250,3746,1504,28.65,213.1,33.9,76.3,47.4,2,40.0
40MSH14008,Kandri,Underground,2022,8,5250,4423,827,15.75,252.5,27.8,78.5,44.2,3,40.0
40MSH14008,Kandri,Underground,2022,9,5250,5228,22,0.41,135.8,30.5,88.4,27.1,0,40.0
40MSH14008,Kandri,Underground,2022,10,5250,5106,144,2.74,19.6,32.2,79.1,44.5,1,40.0
40MSH14008,Kandri,Underground,2022,11,5250,4570,680,12.96,22.4,25.6,73.7,18.3,0,40.0
40MSH14008,Kandri,Underground,2022,12,5250,5250,0,0.0,24.5,33.0,79.0,33.4,1,40.0
40MSH14008,Kandri,Underground,2023,1,5250,5400,0,0.0,2.1,30.3,91.8,20.8,0,40.0
40MSH14008,Kandri,Underground,2023,2,5250,5080,170,3.24,29.0,31.9,90.9,33.7,1,40.0
40MSH14008,Kandri,Underground,2023,3,5250,4992,258,4.92,22.1,28.3,75.8,38.9,2,40.0
40MSH14008,Kandri,Underground,2023,4,5250,4552,698,13.3,25.2,43.0,89.9,60.8,0,40.0
40MSH14008,Kandri,Underground,2023,5,5250,4558,692,13.17,28.7,40.2,79.3,40.7,0,40.0
40MSH14008,Kandri,Underground,2023,6,5250,4452,798,15.19,220.0,34.8,86.1,47.6,1,40.0
40MSH14008,Kandri,Underground,2023,7,5250,4739,511,9.74,221.6,29.5,85.5,34.1,2,40.0
40MSH14008,Kandri,Underground,2023,8,5250,3863,1387,26.42,221.5,34.5,74.4,64.5,0,40.0
40MSH14008,Kandri,Underground,2023,9,5250,4019,1231,23.45,121.6,36.0,77.6,47.4,0,40.0
40MSH14008,Kandri,Underground,2023,10,5250,4164,1086,20.69,11.2,31.4,75.8,45.1,0,40.0
40MSH14008,Kandri,Underground,2023,11,5250,4601,649,12.37,7.4,26.4,75.6,59.8,1,40.0
40MSH14008,Kandri,Underground,2023,12,5250,4735,515,9.81,26.1,35.6,80.8,57.6,1,40.0
40MSH14008,Kandri,Underground,2024,1,5250,4097,1153,21.97,24.2,29.2,85.0,59.2,2,40.0
40MSH14008,Kandri,Underground,2024,2,5250,5308,0,0.0,11.4,35.8,85.3,14.3,0,40.0
40MSH14008,Kandri,Underground,2024,3,5250,5173,77,1.46,21.8,22.8,72.5,35.9,0,40.0
40MSH14008,Kandri,Underground,2024,4,5250,5339,0,0.0,5.8,44.1,82.3,22.6,0,40.0
40MSH14008,Kandri,Underground,2024,5,5250,4889,361,6.88,20.7,40.4,74.9,15.9,3,40.0
40MSH14008,Kandri,Underground,2024,6,5250,3769,1481,28.21,209.9,22.5,84.4,53.2,1,40.0
40MSH14008,Kandri,Underground,2024,7,5250,4128,1122,21.36,249.9,31.0,85.9,58.2,0,40.0
40MSH14008,Kandri,Underground,2024,8,5250,3885,1365,26.0,243.6,29.4,82.4,42.6,2,40.0
40MSH14008,Kandri,Underground,2024,9,5250,4460,790,15.05,127.5,35.1,82.6,44.6,1,40.0
40MSH14008,Kandri,Underground,2024,10,5250,5077,173,3.3,10.9,26.3,88.8,15.8,1,40.0
40MSH14008,Kandri,Underground,2024,11,5250,5095,155,2.96,20.8,35.1,85.6,34.0,1,40.0
40MSH14008,Kandri,Underground,2024,12,5250,3931,1319,25.12,12.4,22.7,72.6,41.4,2,40.0
40MSH14010,Munsar (Mansar),Underground,2022,1,7499,6940,559,7.46,1.2,27.1,76.7,35.7,0,37.5
40MSH14010,Munsar (Mansar),Underground,2022,2,7499,7268,231,3.09,34.5,29.8,90.6,12.3,2,37.5
40MSH14010,Munsar (Mansar),Underground,2022,3,7499,6530,969,12.93,3.4,27.9,90.7,40.7,1,37.5
40MSH14010,Munsar (Mansar),Underground,2022,4,7499,7715,0,0.0,32.0,41.3,85.3,16.2,1,37.5
40MSH14010,Munsar (Mansar),Underground,2022,5,7499,6860,639,8.52,25.8,41.8,81.3,43.8,0,37.5
40MSH14010,Munsar (Mansar),Underground,2022,6,7499,6580,919,12.26,212.7,24.2,85.8,18.8,1,37.5
40MSH14010,Munsar (Mansar),Underground,2022,7,7499,6228,1271,16.95,334.7,25.7,89.6,59.3,0,37.5
40MSH14010,Munsar (Mansar),Underground,2022,8,7499,5936,1563,20.84,174.8,32.0,85.2,45.1,0,37.5
40MSH14010,Munsar (Mansar),Underground,2022,9,7499,7251,248,3.31,172.9,23.4,86.4,38.7,1,37.5
40MSH14010,Munsar (Mansar),Underground,2022,10,7499,6972,527,7.04,0.9,26.8,88.1,59.6,1,37.5
40MSH14010,Munsar (Mansar),Underground,2022,11,7499,5601,1898,25.31,1.1,34.3,72.3,62.1,1,37.5
40MSH14010,Munsar (Mansar),Underground,2022,12,7499,5937,1562,20.84,7.7,28.0,85.0,50.5,0,37.5
40MSH14010,Munsar (Mansar),Underground,2023,1,7499,7115,384,5.13,32.8,24.3,76.7,26.0,0,37.5
40MSH14010,Munsar (Mansar),Underground,2023,2,7499,7603,0,0.0,3.7,32.1,89.1,25.6,0,37.5
40MSH14010,Munsar (Mansar),Underground,2023,3,7499,7402,97,1.3,7.8,22.8,74.1,34.9,0,37.5
40MSH14010,Munsar (Mansar),Underground,2023,4,7499,7467,32,0.43,32.9,45.4,83.3,30.8,1,37.5
40MSH14010,Munsar (Mansar),Underground,2023,5,7499,6865,634,8.46,25.5,42.7,89.1,62.0,0,37.5
40MSH14010,Munsar (Mansar),Underground,2023,6,7499,5960,1539,20.53,148.1,27.8,76.1,58.5,0,37.5
40MSH14010,Munsar (Mansar),Underground,2023,7,7499,6918,581,7.76,282.0,30.5,85.8,32.3,2,37.5
40MSH14010,Munsar (Mansar),Underground,2023,8,7499,7124,375,5.0,234.9,30.6,88.6,38.2,0,37.5
40MSH14010,Munsar (Mansar),Underground,2023,9,7499,7413,86,1.15,121.9,26.2,86.0,53.9,0,37.5
40MSH14010,Munsar (Mansar),Underground,2023,10,7499,6944,555,7.4,14.4,25.2,74.7,22.4,0,37.5
40MSH14010,Munsar (Mansar),Underground,2023,11,7499,7874,0,0.0,6.9,22.1,84.5,28.8,1,37.5
40MSH14010,Munsar (Mansar),Underground,2023,12,7499,6411,1088,14.52,0.3,33.7,72.6,61.8,2,37.5
40MSH14010,Munsar (Mansar),Underground,2024,1,7499,6851,648,8.64,22.9,27.4,84.9,14.4,0,37.5
40MSH14010,Munsar (Mansar),Underground,2024,2,7499,7874,0,0.0,31.1,23.5,88.5,23.1,1,37.5
40MSH14010,Munsar (Mansar),Underground,2024,3,7499,6459,1040,13.87,14.0,24.1,82.1,54.5,1,37.5
40MSH14010,Munsar (Mansar),Underground,2024,4,7499,6362,1137,15.16,17.2,41.5,89.7,42.6,0,37.5
40MSH14010,Munsar (Mansar),Underground,2024,5,7499,6136,1363,18.17,9.4,44.8,72.9,64.6,0,37.5
40MSH14010,Munsar (Mansar),Underground,2024,6,7499,5614,1885,25.14,188.9,34.3,80.3,40.5,0,37.5
40MSH14010,Munsar (Mansar),Underground,2024,7,7499,6369,1130,15.07,200.4,25.4,85.6,18.4,0,37.5
40MSH14010,Munsar (Mansar),Underground,2024,8,7499,5719,1780,23.74,219.7,24.5,73.6,61.8,0,37.5
40MSH14010,Munsar (Mansar),Underground,2024,9,7499,7070,429,5.72,239.5,34.1,87.5,20.9,3,37.5
40MSH14010,Munsar (Mansar),Underground,2024,10,7499,7607,0,0.0,17.8,30.2,79.2,37.2,0,37.5
40MSH14010,Munsar (Mansar),Underground,2024,11,7499,6475,1024,13.67,22.4,34.6,75.3,32.2,0,37.5
40MSH14010,Munsar (Mansar),Underground,2024,12,7499,7267,232,3.09,32.6,25.9,91.0,15.4,1,37.5
40MPR01016,Sitapatore,Opencast,2022,1,1417,1267,150,10.55,31.3,29.4,85.4,56.1,1,35.0
40MPR01016,Sitapatore,Opencast,2022,2,1417,1375,42,2.97,4.5,28.6,84.0,13.6,1,35.0
40MPR01016,Sitapatore,Opencast,2022,3,1417,1201,216,15.24,14.7,34.5,91.7,45.8,2,35.0
40MPR01016,Sitapatore,Opencast,2022,4,1417,1082,335,23.6,24.8,41.2,76.2,48.5,1,35.0
40MPR01016,Sitapatore,Opencast,2022,5,1417,1299,118,8.28,27.4,44.7,81.1,54.0,2,35.0
40MPR01016,Sitapatore,Opencast,2022,6,1417,1368,49,3.46,136.4,25.8,76.2,36.1,1,35.0
40MPR01016,Sitapatore,Opencast,2022,7,1417,882,535,37.73,329.6,31.6,73.9,60.9,3,35.0
40MPR01016,Sitapatore,Opencast,2022,8,1417,1160,257,18.12,237.5,28.3,84.7,23.7,4,35.0
40MPR01016,Sitapatore,Opencast,2022,9,1417,924,493,34.78,245.2,29.0,88.8,54.5,1,35.0
40MPR01016,Sitapatore,Opencast,2022,10,1417,1436,0,0.0,8.0,29.3,88.1,30.7,2,35.0
40MPR01016,Sitapatore,Opencast,2022,11,1417,1186,231,16.3,27.8,23.4,77.4,57.3,3,35.0
40MPR01016,Sitapatore,Opencast,2022,12,1417,1423,0,0.0,24.8,22.4,89.4,19.3,0,35.0
40MPR01016,Sitapatore,Opencast,2023,1,1417,1253,164,11.54,6.1,35.4,85.9,54.5,1,35.0
40MPR01016,Sitapatore,Opencast,2023,2,1417,1223,194,13.67,19.3,30.8,77.1,62.3,2,35.0
40MPR01016,Sitapatore,Opencast,2023,3,1417,1195,222,15.63,16.8,26.7,81.0,42.2,2,35.0
40MPR01016,Sitapatore,Opencast,2023,4,1417,1388,29,2.03,8.7,43.7,83.7,31.6,2,35.0
40MPR01016,Sitapatore,Opencast,2023,5,1417,1128,289,20.39,7.5,40.6,85.7,47.0,2,35.0
40MPR01016,Sitapatore,Opencast,2023,6,1417,1240,177,12.46,256.7,29.5,90.1,16.4,1,35.0
40MPR01016,Sitapatore,Opencast,2023,7,1417,1137,280,19.76,305.3,33.4,91.8,32.6,0,35.0
40MPR01016,Sitapatore,Opencast,2023,8,1417,1175,242,17.07,147.8,28.9,86.8,52.8,3,35.0
40MPR01016,Sitapatore,Opencast,2023,9,1417,1112,305,21.52,177.2,25.9,86.6,24.8,1,35.0
40MPR01016,Sitapatore,Opencast,2023,10,1417,1385,32,2.26,4.1,31.2,77.7,12.0,0,35.0
40MPR01016,Sitapatore,Opencast,2023,11,1417,1108,309,21.76,32.7,34.1,76.7,53.3,4,35.0
40MPR01016,Sitapatore,Opencast,2023,12,1417,1139,278,19.61,18.9,26.0,74.4,49.3,3,35.0
40MPR01016,Sitapatore,Opencast,2024,1,1417,1384,33,2.29,10.6,34.9,78.4,25.4,2,35.0
40MPR01016,Sitapatore,Opencast,2024,2,1417,1295,122,8.56,13.5,27.6,87.7,63.0,0,35.0
40MPR01016,Sitapatore,Opencast,2024,3,1417,1452,0,0.0,14.7,28.7,79.5,31.2,0,35.0
40MPR01016,Sitapatore,Opencast,2024,4,1417,1313,104,7.32,6.8,44.9,88.1,37.8,2,35.0
40MPR01016,Sitapatore,Opencast,2024,5,1417,1328,89,6.24,8.3,44.4,72.8,17.0,0,35.0
40MPR01016,Sitapatore,Opencast,2024,6,1417,1025,392,27.62,251.1,29.3,79.3,58.3,1,35.0
40MPR01016,Sitapatore,Opencast,2024,7,1417,1013,404,28.48,237.3,27.3,78.3,47.9,2,35.0
40MPR01016,Sitapatore,Opencast,2024,8,1417,1234,183,12.92,251.2,27.3,85.3,25.5,0,35.0
40MPR01016,Sitapatore,Opencast,2024,9,1417,1421,0,0.0,128.2,26.3,75.2,21.2,1,35.0
40MPR01016,Sitapatore,Opencast,2024,10,1417,1360,57,3.97,17.7,29.9,78.3,27.6,2,35.0
40MPR01016,Sitapatore,Opencast,2024,11,1417,1207,210,14.81,3.4,34.6,79.0,41.2,1,35.0
40MPR01016,Sitapatore,Opencast,2024,12,1417,1105,312,21.99,7.1,28.3,87.9,43.3,0,35.0
40MSH14002,Beldongri,Underground,2022,1,3333,2800,533,15.99,19.2,31.8,87.9,45.3,0,34.0
40MSH14002,Beldongri,Underground,2022,2,3333,2776,557,16.73,0.9,27.8,78.7,47.5,0,34.0
40MSH14002,Beldongri,Underground,2022,3,3333,3102,231,6.93,20.7,34.8,88.0,60.8,1,34.0
40MSH14002,Beldongri,Underground,2022,4,3333,2695,638,19.15,30.1,41.5,91.6,44.5,1,34.0
40MSH14002,Beldongri,Underground,2022,5,3333,2830,503,15.11,6.4,44.6,72.4,55.3,0,34.0
40MSH14002,Beldongri,Underground,2022,6,3333,2877,456,13.7,205.6,31.7,78.8,17.7,0,34.0
40MSH14002,Beldongri,Underground,2022,7,3333,2947,386,11.58,306.0,29.3,86.8,39.0,1,34.0
40MSH14002,Beldongri,Underground,2022,8,3333,3032,301,9.04,238.6,28.2,72.4,15.9,2,34.0
40MSH14002,Beldongri,Underground,2022,9,3333,2869,464,13.94,129.9,24.7,87.4,56.6,2,34.0
40MSH14002,Beldongri,Underground,2022,10,3333,2993,340,10.21,9.1,31.9,76.3,14.1,0,34.0
40MSH14002,Beldongri,Underground,2022,11,3333,3322,11,0.33,6.3,26.7,80.4,39.0,1,34.0
40MSH14002,Beldongri,Underground,2022,12,3333,2983,350,10.52,13.9,26.2,89.3,51.6,2,34.0
40MSH14002,Beldongri,Underground,2023,1,3333,3112,221,6.65,24.4,24.9,80.8,15.4,1,34.0
40MSH14002,Beldongri,Underground,2023,2,3333,2965,368,11.04,21.7,33.2,80.6,53.6,2,34.0
40MSH14002,Beldongri,Underground,2023,3,3333,2866,467,14.01,16.2,33.0,88.4,41.4,0,34.0
40MSH14002,Beldongri,Underground,2023,4,3333,3071,262,7.86,26.4,44.9,72.7,36.8,2,34.0
40MSH14002,Beldongri,Underground,2023,5,3333,3154,179,5.39,29.8,43.3,75.9,28.8,0,34.0
40MSH14002,Beldongri,Underground,2023,6,3333,3061,272,8.18,142.2,33.4,74.7,24.4,1,34.0
40MSH14002,Beldongri,Underground,2023,7,3333,2695,638,19.14,337.4,28.3,87.8,44.8,0,34.0
40MSH14002,Beldongri,Underground,2023,8,3333,3224,109,3.29,175.6,32.4,83.6,32.6,0,34.0
40MSH14002,Beldongri,Underground,2023,9,3333,2945,388,11.65,151.8,30.1,80.5,39.3,0,34.0
40MSH14002,Beldongri,Underground,2023,10,3333,3277,56,1.69,9.0,28.9,91.5,29.7,1,34.0
40MSH14002,Beldongri,Underground,2023,11,3333,2783,550,16.51,21.2,23.3,91.2,49.9,2,34.0
40MSH14002,Beldongri,Underground,2023,12,3333,2954,379,11.37,33.5,29.0,90.6,42.9,1,34.0
40MSH14002,Beldongri,Underground,2024,1,3333,3212,121,3.64,7.3,22.1,76.8,39.0,1,34.0
40MSH14002,Beldongri,Underground,2024,2,3333,2952,381,11.43,1.7,32.9,83.4,52.3,0,34.0
40MSH14002,Beldongri,Underground,2024,3,3333,3161,172,5.18,20.0,25.6,76.6,12.6,0,34.0
40MSH14002,Beldongri,Underground,2024,4,3333,3114,219,6.59,34.5,41.9,74.6,22.6,1,34.0
40MSH14002,Beldongri,Underground,2024,5,3333,3213,120,3.6,30.2,45.8,76.9,35.9,0,34.0
40MSH14002,Beldongri,Underground,2024,6,3333,2827,506,15.19,157.8,24.9,85.1,34.1,0,34.0
40MSH14002,Beldongri,Underground,2024,7,3333,3139,194,5.82,324.0,29.9,89.2,18.2,2,34.0
40MSH14002,Beldongri,Underground,2024,8,3333,2824,509,15.27,252.3,24.0,84.9,32.2,1,34.0
40MSH14002,Beldongri,Underground,2024,9,3333,2285,1048,31.46,254.7,34.6,77.4,54.6,1,34.0
40MSH14002,Beldongri,Underground,2024,10,3333,3428,0,0.0,10.3,22.2,76.4,26.9,1,34.0
40MSH14002,Beldongri,Underground,2024,11,3333,2647,686,20.58,30.6,31.9,73.7,46.5,2,34.0
40MSH14002,Beldongri,Underground,2024,12,3333,3345,0,0.0,32.6,32.1,87.3,16.8,1,34.0
40MPR01018,Ukwa,Underground,2022,1,13333,12934,399,3.0,6.3,33.3,74.7,36.8,1,37.0
40MPR01018,Ukwa,Underground,2022,2,13333,13221,112,0.84,11.1,27.9,78.2,26.9,1,37.0
40MPR01018,Ukwa,Underground,2022,3,13333,11456,1877,14.08,25.7,22.0,83.9,60.5,0,37.0
40MPR01018,Ukwa,Underground,2022,4,13333,13909,0,0.0,24.9,44.1,78.4,25.4,3,37.0
40MPR01018,Ukwa,Underground,2022,5,13333,11487,1846,13.85,15.8,42.5,75.1,34.6,1,37.0
40MPR01018,Ukwa,Underground,2022,6,13333,12422,911,6.84,215.2,30.9,90.2,13.0,2,37.0
40MPR01018,Ukwa,Underground,2022,7,13333,11964,1369,10.27,258.3,23.9,89.8,37.0,2,37.0
40MPR01018,Ukwa,Underground,2022,8,13333,11687,1646,12.35,175.7,29.2,88.1,31.8,1,37.0
40MPR01018,Ukwa,Underground,2022,9,13333,12188,1145,8.59,248.0,23.3,85.0,33.9,1,37.0
40MPR01018,Ukwa,Underground,2022,10,13333,11030,2303,17.28,27.0,33.6,75.4,59.6,2,37.0
40MPR01018,Ukwa,Underground,2022,11,13333,14000,0,0.0,19.0,34.9,90.0,35.8,0,37.0
40MPR01018,Ukwa,Underground,2022,12,13333,14000,0,0.0,10.0,25.8,89.2,15.7,1,37.0
40MPR01018,Ukwa,Underground,2023,1,13333,11702,1631,12.23,12.1,22.9,77.4,52.7,1,37.0
40MPR01018,Ukwa,Underground,2023,2,13333,13005,328,2.46,30.6,32.7,82.3,47.5,1,37.0
40MPR01018,Ukwa,Underground,2023,3,13333,10594,2739,20.54,14.1,34.7,86.8,40.8,1,37.0
40MPR01018,Ukwa,Underground,2023,4,13333,13183,150,1.13,14.6,44.3,89.2,20.2,1,37.0
40MPR01018,Ukwa,Underground,2023,5,13333,11092,2241,16.81,24.1,41.5,84.8,58.5,3,37.0
40MPR01018,Ukwa,Underground,2023,6,13333,10662,2671,20.04,122.9,30.5,77.5,57.7,0,37.0
40MPR01018,Ukwa,Underground,2023,7,13333,10913,2420,18.15,323.6,31.4,76.4,13.8,1,37.0
40MPR01018,Ukwa,Underground,2023,8,13333,10372,2961,22.21,184.0,30.5,84.1,55.8,1,37.0
40MPR01018,Ukwa,Underground,2023,9,13333,12752,581,4.36,157.1,29.5,81.0,35.3,0,37.0
40MPR01018,Ukwa,Underground,2023,10,13333,10296,3037,22.78,6.9,27.8,76.6,42.9,1,37.0
40MPR01018,Ukwa,Underground,2023,11,13333,10668,2665,19.99,18.8,24.8,75.1,58.7,1,37.0
40MPR01018,Ukwa,Underground,2023,12,13333,13623,0,0.0,19.4,29.8,86.1,21.4,0,37.0
40MPR01018,Ukwa,Underground,2024,1,13333,12359,974,7.31,28.4,35.3,74.7,38.4,0,37.0
40MPR01018,Ukwa,Underground,2024,2,13333,13566,0,0.0,5.0,31.9,82.7,19.6,0,37.0
40MPR01018,Ukwa,Underground,2024,3,13333,13376,0,0.0,28.3,24.5,84.1,29.9,1,37.0
40MPR01018,Ukwa,Underground,2024,4,13333,13398,0,0.0,6.6,42.6,85.2,26.0,0,37.0
40MPR01018,Ukwa,Underground,2024,5,13333,12331,1002,7.52,18.2,43.6,91.3,43.2,1,37.0
40MPR01018,Ukwa,Underground,2024,6,13333,12669,664,4.98,156.8,29.1,86.9,38.7,0,37.0
40MPR01018,Ukwa,Underground,2024,7,13333,8569,4764,35.73,330.2,33.3,77.8,47.2,2,37.0
40MPR01018,Ukwa,Underground,2024,8,13333,10530,2803,21.03,243.7,28.9,78.3,51.9,0,37.0
40MPR01018,Ukwa,Underground,2024,9,13333,12985,348,2.61,174.4,34.1,86.5,33.4,0,37.0
40MPR01018,Ukwa,Underground,2024,10,13333,12746,587,4.4,6.2,32.4,77.0,36.1,2,37.0
40MPR01018,Ukwa,Underground,2024,11,13333,11720,1613,12.1,2.8,23.3,83.8,43.8,1,37.0
40MPR01018,Ukwa,Underground,2024,12,13333,12626,707,5.31,17.7,24.1,74.1,18.5,0,37.0
40MPR01069,Tirodi,Opencast,2022,1,11667,10753,914,7.83,21.3,24.8,77.0,21.2,3,34.5
40MPR01069,Tirodi,Opencast,2022,2,11667,10955,712,6.1,0.7,31.4,82.5,59.6,1,34.5
40MPR01069,Tirodi,Opencast,2022,3,11667,12250,0,0.0,27.7,23.8,80.0,21.0,1,34.5
40MPR01069,Tirodi,Opencast,2022,4,11667,11042,625,5.36,33.2,40.8,91.5,24.2,2,34.5
40MPR01069,Tirodi,Opencast,2022,5,11667,9933,1734,14.86,30.0,41.9,85.2,42.0,3,34.5
40MPR01069,Tirodi,Opencast,2022,6,11667,11525,142,1.21,128.1,24.0,86.3,35.2,1,34.5
40MPR01069,Tirodi,Opencast,2022,7,11667,8301,3366,28.85,291.2,23.8,81.5,52.5,1,34.5
40MPR01069,Tirodi,Opencast,2022,8,11667,8096,3571,30.6,227.5,22.6,74.5,22.8,2,34.5
40MPR01069,Tirodi,Opencast,2022,9,11667,9095,2572,22.04,211.6,31.9,83.7,30.9,2,34.5
40MPR01069,Tirodi,Opencast,2022,10,11667,11355,312,2.67,11.5,27.5,77.2,30.2,4,34.5
40MPR01069,Tirodi,Opencast,2022,11,11667,11559,108,0.92,17.6,30.2,90.4,14.6,2,34.5
40MPR01069,Tirodi,Opencast,2022,12,11667,9276,2391,20.49,23.0,28.1,72.9,60.8,1,34.5
40MPR01069,Tirodi,Opencast,2023,1,11667,9841,1826,15.65,24.1,28.7,74.5,23.4,0,34.5
40MPR01069,Tirodi,Opencast,2023,2,11667,9723,1944,16.66,17.7,33.4,89.2,44.6,0,34.5
40MPR01069,Tirodi,Opencast,2023,3,11667,10396,1271,10.89,24.3,27.9,83.3,46.4,2,34.5
40MPR01069,Tirodi,Opencast,2023,4,11667,11980,0,0.0,13.1,41.3,83.7,35.5,0,34.5
40MPR01069,Tirodi,Opencast,2023,5,11667,9908,1759,15.08,11.2,44.9,85.8,50.4,2,34.5
40MPR01069,Tirodi,Opencast,2023,6,11667,8879,2788,23.89,257.3,28.9,72.2,19.4,2,34.5
40MPR01069,Tirodi,Opencast,2023,7,11667,8031,3636,31.17,369.8,27.1,90.3,53.4,4,34.5
40MPR01069,Tirodi,Opencast,2023,8,11667,9552,2115,18.13,222.5,32.9,89.4,23.4,0,34.5
40MPR01069,Tirodi,Opencast,2023,9,11667,9036,2631,22.55,187.6,29.2,88.6,35.5,2,34.5
40MPR01069,Tirodi,Opencast,2023,10,11667,11480,187,1.6,5.5,30.3,83.9,20.7,0,34.5
40MPR01069,Tirodi,Opencast,2023,11,11667,10847,820,7.03,34.3,27.5,76.5,21.1,3,34.5
40MPR01069,Tirodi,Opencast,2023,12,11667,9864,1803,15.46,11.0,28.5,79.8,57.8,5,34.5
40MPR01069,Tirodi,Opencast,2024,1,11667,11215,452,3.87,20.2,25.8,88.5,12.3,2,34.5
40MPR01069,Tirodi,Opencast,2024,2,11667,10547,1120,9.6,21.3,33.9,77.3,39.5,1,34.5
40MPR01069,Tirodi,Opencast,2024,3,11667,10156,1511,12.94,19.5,31.3,83.8,51.0,1,34.5
40MPR01069,Tirodi,Opencast,2024,4,11667,10705,962,8.24,9.6,40.5,80.6,41.4,3,34.5
40MPR01069,Tirodi,Opencast,2024,5,11667,10703,964,8.26,26.4,43.9,84.7,41.3,0,34.5
40MPR01069,Tirodi,Opencast,2024,6,11667,8876,2791,23.92,252.0,33.5,83.8,25.4,1,34.5
40MPR01069,Tirodi,Opencast,2024,7,11667,8741,2926,25.08,285.8,26.1,82.3,20.8,1,34.5
40MPR01069,Tirodi,Opencast,2024,8,11667,9474,2193,18.8,181.0,30.8,78.8,28.0,3,34.5
40MPR01069,Tirodi,Opencast,2024,9,11667,8585,3082,26.41,171.4,23.2,73.0,25.4,0,34.5
40MPR01069,Tirodi,Opencast,2024,10,11667,11806,0,0.0,9.5,34.2,81.7,28.2,2,34.5
40MPR01069,Tirodi,Opencast,2024,11,11667,11932,0,0.0,4.0,36.0,80.5,30.5,3,34.5
40MPR01069,Tirodi,Opencast,2024,12,11667,10585,1082,9.27,29.6,32.3,76.2,19.7,2,34.5
